<rss xmlns:atom="http://www.w3.org/2005/Atom" version="2.0">
    <channel>
        <title>刷题 - 分类 - 百乐的编程学习</title>
        <link>https://www.leyoubaloy.xyz/categories/%E5%88%B7%E9%A2%98/</link>
        <description>刷题 - 分类 - 百乐的编程学习</description>
        <generator>Hugo -- gohugo.io</generator><language>zh-CN</language><lastBuildDate>Sat, 02 Jul 2022 15:38:13 &#43;0800</lastBuildDate><atom:link href="https://www.leyoubaloy.xyz/categories/%E5%88%B7%E9%A2%98/" rel="self" type="application/rss+xml" /><item>
    <title>数据结构与算法实习第二阶段</title>
    <link>https://www.leyoubaloy.xyz/posts/%E6%95%B0%E6%8D%AE%E7%BB%93%E6%9E%84%E4%B8%8E%E7%AE%97%E6%B3%95%E5%AE%9E%E4%B9%A0%E7%AC%AC%E4%BA%8C%E9%98%B6%E6%AE%B5/</link>
    <pubDate>Sat, 02 Jul 2022 15:38:13 &#43;0800</pubDate>
    <author>作者</author>
    <guid>https://www.leyoubaloy.xyz/posts/%E6%95%B0%E6%8D%AE%E7%BB%93%E6%9E%84%E4%B8%8E%E7%AE%97%E6%B3%95%E5%AE%9E%E4%B9%A0%E7%AC%AC%E4%BA%8C%E9%98%B6%E6%AE%B5/</guid>
    <description><![CDATA[7-1 Table Tennis 知识点：模拟，队列 思路：把所有玩家按到达顺序排序，逐个处理，分如下情况： 找到所有桌子中最早结束当前服务的桌子。判断：如果这个桌子当前服]]></description>
</item><item>
    <title>数据结构与算法实习第一阶段</title>
    <link>https://www.leyoubaloy.xyz/posts/%E6%95%B0%E6%8D%AE%E7%BB%93%E6%9E%84%E4%B8%8E%E7%AE%97%E6%B3%95%E5%AE%9E%E4%B9%A0%E7%AC%AC%E4%B8%80%E9%98%B6%E6%AE%B5/</link>
    <pubDate>Thu, 30 Jun 2022 16:34:10 &#43;0800</pubDate>
    <author>作者</author>
    <guid>https://www.leyoubaloy.xyz/posts/%E6%95%B0%E6%8D%AE%E7%BB%93%E6%9E%84%E4%B8%8E%E7%AE%97%E6%B3%95%E5%AE%9E%E4%B9%A0%E7%AC%AC%E4%B8%80%E9%98%B6%E6%AE%B5/</guid>
    <description><![CDATA[7-1 符号配对 知识点：栈 思路：先输入数据，将所有的符号保存下来，其它的可以丢掉。然后遍历，用tmp保留当前的符号，遇到左符号，压栈，当遇到右括号]]></description>
</item><item>
    <title>Leetcode39:组合总和——回溯</title>
    <link>https://www.leyoubaloy.xyz/posts/leetcode39%E7%BB%84%E5%90%88%E6%80%BB%E5%92%8C%E5%9B%9E%E6%BA%AF/</link>
    <pubDate>Fri, 06 May 2022 17:09:58 &#43;0800</pubDate>
    <author>作者</author>
    <guid>https://www.leyoubaloy.xyz/posts/leetcode39%E7%BB%84%E5%90%88%E6%80%BB%E5%92%8C%E5%9B%9E%E6%BA%AF/</guid>
    <description><![CDATA[题目 https://leetcode-cn.com/problems/combination-sum/ 做回溯题就像见老同学，你觉得它还像以前一样简单，但是你错了😭 题解 搜索回溯 思路：对于candidates中的每一个数你有两个选项，要么选]]></description>
</item><item>
    <title>Leetcode1823:找出游戏的获胜者——约瑟夫环</title>
    <link>https://www.leyoubaloy.xyz/posts/leetcode1823%E6%89%BE%E5%87%BA%E6%B8%B8%E6%88%8F%E7%9A%84%E8%8E%B7%E8%83%9C%E8%80%85%E7%BA%A6%E7%91%9F%E5%A4%AB%E7%8E%AF/</link>
    <pubDate>Wed, 04 May 2022 16:24:22 &#43;0800</pubDate>
    <author>作者</author>
    <guid>https://www.leyoubaloy.xyz/posts/leetcode1823%E6%89%BE%E5%87%BA%E6%B8%B8%E6%88%8F%E7%9A%84%E8%8E%B7%E8%83%9C%E8%80%85%E7%BA%A6%E7%91%9F%E5%A4%AB%E7%8E%AF/</guid>
    <description><![CDATA[题目 https://leetcode-cn.com/problems/find-the-winner-of-the-circular-game/ 约瑟夫环问题非常经典，记得大一学c++程序设计的时候遇到过这题，当时貌似没有做出来，现在就游刃有余了。 题解 朴素的模拟法 即真正按照题目的]]></description>
</item><item>
    <title>Leetcode46:全排列——交换、回溯</title>
    <link>https://www.leyoubaloy.xyz/posts/leetcode46%E5%85%A8%E6%8E%92%E5%88%97%E5%9B%9E%E6%BA%AF/</link>
    <pubDate>Fri, 29 Apr 2022 17:22:24 &#43;0800</pubDate>
    <author>作者</author>
    <guid>https://www.leyoubaloy.xyz/posts/leetcode46%E5%85%A8%E6%8E%92%E5%88%97%E5%9B%9E%E6%BA%AF/</guid>
    <description><![CDATA[题目 https://leetcode-cn.com/problems/permutations/ 全排列问题也是比较经典的问题，其所用的交换法也很巧妙。 题解 纯dfs 首先想到的办法，不用回溯，每次递归传参都是数组的复制，空间复杂度很大]]></description>
</item><item>
    <title>Leetcode17:电话号码的字母组合——回溯</title>
    <link>https://www.leyoubaloy.xyz/posts/leetcode17%E7%94%B5%E8%AF%9D%E5%8F%B7%E7%A0%81%E7%9A%84%E5%AD%97%E6%AF%8D%E7%BB%84%E5%90%88%E5%9B%9E%E6%BA%AF/</link>
    <pubDate>Wed, 27 Apr 2022 15:36:14 &#43;0800</pubDate>
    <author>作者</author>
    <guid>https://www.leyoubaloy.xyz/posts/leetcode17%E7%94%B5%E8%AF%9D%E5%8F%B7%E7%A0%81%E7%9A%84%E5%AD%97%E6%AF%8D%E7%BB%84%E5%90%88%E5%9B%9E%E6%BA%AF/</guid>
    <description><![CDATA[题目 https://leetcode-cn.com/problems/letter-combinations-of-a-phone-number/ 终于能自己做出一道题了😭，之前的回溯题没白刷 题解 回溯 思路：先用哈希表储存数字对应的字母，然后用回溯法记录搜索路径。 画个图帮助理解： 代码]]></description>
</item><item>
    <title>Leetcode16:最接近的三数之和——排序、双指针</title>
    <link>https://www.leyoubaloy.xyz/posts/leetcode16%E6%9C%80%E6%8E%A5%E8%BF%91%E7%9A%84%E4%B8%89%E6%95%B0%E4%B9%8B%E5%92%8C%E6%8E%92%E5%BA%8F%E5%8F%8C%E6%8C%87%E9%92%88/</link>
    <pubDate>Tue, 26 Apr 2022 18:58:23 &#43;0800</pubDate>
    <author>作者</author>
    <guid>https://www.leyoubaloy.xyz/posts/leetcode16%E6%9C%80%E6%8E%A5%E8%BF%91%E7%9A%84%E4%B8%89%E6%95%B0%E4%B9%8B%E5%92%8C%E6%8E%92%E5%BA%8F%E5%8F%8C%E6%8C%87%E9%92%88/</guid>
    <description><![CDATA[题目 https://leetcode-cn.com/problems/3sum-closest/ 题解 排序+双指针 这道题的官方题解写的太好了：https://leetcode-cn.com/problems/3sum-closest]]></description>
</item><item>
    <title>Leetcode11:盛水最多的容器——双指针</title>
    <link>https://www.leyoubaloy.xyz/posts/leetcode11%E7%9B%9B%E6%B0%B4%E6%9C%80%E5%A4%9A%E7%9A%84%E5%AE%B9%E5%99%A8%E5%8F%8C%E6%8C%87%E9%92%88/</link>
    <pubDate>Mon, 25 Apr 2022 17:26:41 &#43;0800</pubDate>
    <author>作者</author>
    <guid>https://www.leyoubaloy.xyz/posts/leetcode11%E7%9B%9B%E6%B0%B4%E6%9C%80%E5%A4%9A%E7%9A%84%E5%AE%B9%E5%99%A8%E5%8F%8C%E6%8C%87%E9%92%88/</guid>
    <description><![CDATA[题目 https://leetcode-cn.com/problems/container-with-most-water/ 每次看题解：“我又会了！” 下一题：“我是废物。” 题解 双指针 定义两个指针left和right分别在最左边和最右边，指向两个柱子，那么面积]]></description>
</item><item>
    <title>Leetcode743:网络延迟时间——dijkstra算法</title>
    <link>https://www.leyoubaloy.xyz/posts/leetcode743%E7%BD%91%E7%BB%9C%E5%BB%B6%E8%BF%9F%E6%97%B6%E9%97%B4dijkstra%E7%AE%97%E6%B3%95/</link>
    <pubDate>Thu, 21 Apr 2022 17:35:07 &#43;0800</pubDate>
    <author>作者</author>
    <guid>https://www.leyoubaloy.xyz/posts/leetcode743%E7%BD%91%E7%BB%9C%E5%BB%B6%E8%BF%9F%E6%97%B6%E9%97%B4dijkstra%E7%AE%97%E6%B3%95/</guid>
    <description><![CDATA[题目 https://leetcode-cn.com/problems/network-delay-time/ 关于最短路径dijkstra算法，学了很多遍，每次学的都不深，所以学完就忘，代码肯定更是写不出来。今天再学一次。 题解 关于dijkstr]]></description>
</item><item>
    <title>判断两条线段是否相交——快速排斥实验和跨立实验</title>
    <link>https://www.leyoubaloy.xyz/posts/%E5%88%A4%E6%96%AD%E4%B8%A4%E6%9D%A1%E7%BA%BF%E6%AE%B5%E6%98%AF%E5%90%A6%E7%9B%B8%E4%BA%A4%E5%BF%AB%E9%80%9F%E6%8E%92%E6%96%A5%E5%AE%9E%E9%AA%8C%E5%92%8C%E8%B7%A8%E7%AB%8B%E5%AE%9E%E9%AA%8C/</link>
    <pubDate>Wed, 20 Apr 2022 19:01:29 &#43;0800</pubDate>
    <author>作者</author>
    <guid>https://www.leyoubaloy.xyz/posts/%E5%88%A4%E6%96%AD%E4%B8%A4%E6%9D%A1%E7%BA%BF%E6%AE%B5%E6%98%AF%E5%90%A6%E7%9B%B8%E4%BA%A4%E5%BF%AB%E9%80%9F%E6%8E%92%E6%96%A5%E5%AE%9E%E9%AA%8C%E5%92%8C%E8%B7%A8%E7%AB%8B%E5%AE%9E%E9%AA%8C/</guid>
    <description><![CDATA[题目 题目：在二维坐标系中，给你两条线段的四个端点坐标，问如何判断两条线段是否相交？ 初步分析：我们知道，对于直线来说不平行就相交，非常好判断。]]></description>
</item></channel>
</rss>
