<rss xmlns:atom="http://www.w3.org/2005/Atom" version="2.0">
    <channel>
        <title>随笔杂记 - 分类 - 百乐的编程学习</title>
        <link>https://www.leyoubaloy.xyz/categories/%E9%9A%8F%E7%AC%94%E6%9D%82%E8%AE%B0/</link>
        <description>随笔杂记 - 分类 - 百乐的编程学习</description>
        <generator>Hugo -- gohugo.io</generator><language>zh-CN</language><lastBuildDate>Thu, 09 Mar 2023 17:14:05 &#43;0800</lastBuildDate><atom:link href="https://www.leyoubaloy.xyz/categories/%E9%9A%8F%E7%AC%94%E6%9D%82%E8%AE%B0/" rel="self" type="application/rss+xml" /><item>
    <title>妈妈说：好久都没这么开心了</title>
    <link>https://www.leyoubaloy.xyz/posts/%E5%A6%88%E5%A6%88%E8%AF%B4%E5%A5%BD%E4%B9%85%E9%83%BD%E6%B2%A1%E8%BF%99%E4%B9%88%E5%BC%80%E5%BF%83%E4%BA%86/</link>
    <pubDate>Thu, 09 Mar 2023 17:14:05 &#43;0800</pubDate>
    <author>作者</author>
    <guid>https://www.leyoubaloy.xyz/posts/%E5%A6%88%E5%A6%88%E8%AF%B4%E5%A5%BD%E4%B9%85%E9%83%BD%E6%B2%A1%E8%BF%99%E4%B9%88%E5%BC%80%E5%BF%83%E4%BA%86/</guid>
    <description><![CDATA[3月7日是女神节，3月8日是妇女节，3月9日是我妈妈生日，所以这几天对她来说是很重要的日子。 我妈妈记我和我姐的生日记得很清楚，但自己的生日却]]></description>
</item><item>
    <title>组装一台新的电脑</title>
    <link>https://www.leyoubaloy.xyz/posts/%E7%BB%84%E8%A3%85%E4%B8%80%E5%8F%B0%E6%96%B0%E7%9A%84%E7%94%B5%E8%84%91/</link>
    <pubDate>Wed, 01 Mar 2023 08:57:51 &#43;0800</pubDate>
    <author>作者</author>
    <guid>https://www.leyoubaloy.xyz/posts/%E7%BB%84%E8%A3%85%E4%B8%80%E5%8F%B0%E6%96%B0%E7%9A%84%E7%94%B5%E8%84%91/</guid>
    <description><![CDATA[从Windows换到Mac，获得了很多东西： 又轻又薄，续航还长，背出去上课自习非常方便（隔壁背着游戏本的同学都羡慕哭了）； 一块素质极高的屏幕]]></description>
</item><item>
    <title>2023年寒假总结</title>
    <link>https://www.leyoubaloy.xyz/posts/2023%E5%B9%B4%E5%AF%92%E5%81%87%E6%80%BB%E7%BB%93/</link>
    <pubDate>Wed, 15 Feb 2023 21:31:31 &#43;0800</pubDate>
    <author>作者</author>
    <guid>https://www.leyoubaloy.xyz/posts/2023%E5%B9%B4%E5%AF%92%E5%81%87%E6%80%BB%E7%BB%93/</guid>
    <description><![CDATA[明天就要返校啦，下学期课贼少（一周只有4节），而且疫情结束，再也不会被封在学校啦，可以多跟彤彤出去玩了，所以还是蛮期待的！回顾这个寒假，总体]]></description>
</item><item>
    <title>跟妈妈一起的徐州一日游</title>
    <link>https://www.leyoubaloy.xyz/posts/%E8%B7%9F%E5%A6%88%E5%A6%88%E4%B8%80%E8%B5%B7%E7%9A%84%E5%BE%90%E5%B7%9E%E4%B8%80%E6%97%A5%E6%B8%B8/</link>
    <pubDate>Mon, 13 Feb 2023 21:50:46 &#43;0800</pubDate>
    <author>作者</author>
    <guid>https://www.leyoubaloy.xyz/posts/%E8%B7%9F%E5%A6%88%E5%A6%88%E4%B8%80%E8%B5%B7%E7%9A%84%E5%BE%90%E5%B7%9E%E4%B8%80%E6%97%A5%E6%B8%B8/</guid>
    <description><![CDATA[徐州对我来说，是一个很神奇的城市，它是彤彤签约企业所在的城市，是包邮区里唯一一个有暖气的城市，是历史课本中的兵家必争之地，是全国重要的铁路枢]]></description>
</item><item>
    <title>再见，恶心的排位赛</title>
    <link>https://www.leyoubaloy.xyz/posts/%E5%86%8D%E8%A7%81%E6%81%B6%E5%BF%83%E7%9A%84%E6%8E%92%E4%BD%8D%E8%B5%9B/</link>
    <pubDate>Mon, 26 Dec 2022 22:39:29 &#43;0800</pubDate>
    <author>作者</author>
    <guid>https://www.leyoubaloy.xyz/posts/%E5%86%8D%E8%A7%81%E6%81%B6%E5%BF%83%E7%9A%84%E6%8E%92%E4%BD%8D%E8%B5%9B/</guid>
    <description><![CDATA[最近放假回家，配了台新电脑，开始疯狂玩游戏。作为8年LOL老玩家，虽然玩到现在还是菜得一逼，但是有一颗从青铜打上白银的“野心”。最近出了一个]]></description>
</item><item>
    <title>又一个寒假开始啦</title>
    <link>https://www.leyoubaloy.xyz/posts/%E5%8F%88%E4%B8%80%E4%B8%AA%E5%AF%92%E5%81%87%E5%BC%80%E5%A7%8B%E5%95%A6/</link>
    <pubDate>Sat, 17 Dec 2022 17:38:43 &#43;0800</pubDate>
    <author>作者</author>
    <guid>https://www.leyoubaloy.xyz/posts/%E5%8F%88%E4%B8%80%E4%B8%AA%E5%AF%92%E5%81%87%E5%BC%80%E5%A7%8B%E5%95%A6/</guid>
    <description><![CDATA[又一个寒假开始啦，期盼了一学期，终于回家啦。随着年级的增长，每次回家的感觉都略有不同，环境还是那个环境，但是心态，跟最开始大不相同。 第一次放]]></description>
</item><item>
    <title>我再也不胡吃海喝了😭😭😭</title>
    <link>https://www.leyoubaloy.xyz/posts/%E6%88%91%E5%86%8D%E4%B9%9F%E4%B8%8D%E8%83%A1%E5%90%83%E6%B5%B7%E5%96%9D%E4%BA%86/</link>
    <pubDate>Fri, 09 Dec 2022 14:26:16 &#43;0800</pubDate>
    <author>作者</author>
    <guid>https://www.leyoubaloy.xyz/posts/%E6%88%91%E5%86%8D%E4%B9%9F%E4%B8%8D%E8%83%A1%E5%90%83%E6%B5%B7%E5%96%9D%E4%BA%86/</guid>
    <description><![CDATA[我对我自己真的很栓Q，时隔一年半，我又一次因为急性肠胃炎被送进了校医院！ 历史总是惊人的巧合 历史总是惊人的巧合，这一次我同样是在夜晚乱吃东西（]]></description>
</item><item>
    <title>过去的几周我是怎么熬过来的</title>
    <link>https://www.leyoubaloy.xyz/posts/%E8%BF%87%E5%8E%BB%E7%9A%84%E5%87%A0%E5%91%A8%E6%88%91%E6%98%AF%E6%80%8E%E4%B9%88%E7%86%AC%E8%BF%87%E6%9D%A5%E7%9A%84/</link>
    <pubDate>Sun, 20 Nov 2022 21:15:02 &#43;0800</pubDate>
    <author>作者</author>
    <guid>https://www.leyoubaloy.xyz/posts/%E8%BF%87%E5%8E%BB%E7%9A%84%E5%87%A0%E5%91%A8%E6%88%91%E6%98%AF%E6%80%8E%E4%B9%88%E7%86%AC%E8%BF%87%E6%9D%A5%E7%9A%84/</guid>
    <description><![CDATA[这几周，可能是我大学三年最忙碌的时候。 这学期有20个学分，其中18个学分都在前半学期。 第11周之前，每周课程大于等于10节，平均每天3节课，]]></description>
</item><item>
    <title>时间管理出现重大失误，输！</title>
    <link>https://www.leyoubaloy.xyz/posts/%E6%97%B6%E9%97%B4%E7%AE%A1%E7%90%86%E5%87%BA%E7%8E%B0%E9%87%8D%E5%A4%A7%E5%A4%B1%E8%AF%AF%E8%BE%93/</link>
    <pubDate>Fri, 21 Oct 2022 21:53:47 &#43;0800</pubDate>
    <author>作者</author>
    <guid>https://www.leyoubaloy.xyz/posts/%E6%97%B6%E9%97%B4%E7%AE%A1%E7%90%86%E5%87%BA%E7%8E%B0%E9%87%8D%E5%A4%A7%E5%A4%B1%E8%AF%AF%E8%BE%93/</guid>
    <description><![CDATA[今天三节课，分别是早八、午二、晚七，苦不堪言。下午上机课，我一直坚持的想法还被组员给否了，不太开心。然后紧接着赶去听发展对象的答辩，我本来寻]]></description>
</item><item>
    <title>数模比赛失利</title>
    <link>https://www.leyoubaloy.xyz/posts/%E6%95%B0%E6%A8%A1%E6%AF%94%E8%B5%9B%E5%A4%B1%E5%88%A9/</link>
    <pubDate>Mon, 10 Oct 2022 16:01:42 &#43;0800</pubDate>
    <author>作者</author>
    <guid>https://www.leyoubaloy.xyz/posts/%E6%95%B0%E6%A8%A1%E6%AF%94%E8%B5%9B%E5%A4%B1%E5%88%A9/</guid>
    <description><![CDATA[今天数学建模比赛结果出来了，有国奖和省奖，不幸的是，我们队伍啥奖都没获。 真是屋漏偏逢连夜雨，当时上着课我就听不下去了，中午连午觉都没睡着。]]></description>
</item></channel>
</rss>
