<rss xmlns:atom="http://www.w3.org/2005/Atom" version="2.0">
    <channel>
        <title>笔记 - 分类 - 百乐的编程学习</title>
        <link>https://www.leyoubaloy.xyz/categories/%E7%AC%94%E8%AE%B0/</link>
        <description>笔记 - 分类 - 百乐的编程学习</description>
        <generator>Hugo -- gohugo.io</generator><language>zh-CN</language><lastBuildDate>Thu, 02 Feb 2023 14:14:19 &#43;0800</lastBuildDate><atom:link href="https://www.leyoubaloy.xyz/categories/%E7%AC%94%E8%AE%B0/" rel="self" type="application/rss+xml" /><item>
    <title>Qt动态添加和删除布局（仿jupyter）</title>
    <link>https://www.leyoubaloy.xyz/posts/qt%E5%8A%A8%E6%80%81%E6%B7%BB%E5%8A%A0%E5%92%8C%E5%88%A0%E9%99%A4%E5%B8%83%E5%B1%80%E4%BB%BFjupyter/</link>
    <pubDate>Thu, 02 Feb 2023 14:14:19 &#43;0800</pubDate>
    <author>作者</author>
    <guid>https://www.leyoubaloy.xyz/posts/qt%E5%8A%A8%E6%80%81%E6%B7%BB%E5%8A%A0%E5%92%8C%E5%88%A0%E9%99%A4%E5%B8%83%E5%B1%80%E4%BB%BFjupyter/</guid>
    <description><![CDATA[前言 老师给了一个任务，仿照jupyter notebook中可以动态添加、删除的cell，用c++的qt做一个类似的界面。具体来说，一个cel]]></description>
</item><item>
    <title>LiveGo——小而美的直播串流软件</title>
    <link>https://www.leyoubaloy.xyz/posts/livego%E5%B0%8F%E8%80%8C%E7%BE%8E%E7%9A%84%E7%9B%B4%E6%92%AD%E4%B8%B2%E6%B5%81%E8%BD%AF%E4%BB%B6/</link>
    <pubDate>Sun, 01 Jan 2023 16:11:53 &#43;0800</pubDate>
    <author>作者</author>
    <guid>https://www.leyoubaloy.xyz/posts/livego%E5%B0%8F%E8%80%8C%E7%BE%8E%E7%9A%84%E7%9B%B4%E6%92%AD%E4%B8%B2%E6%B5%81%E8%BD%AF%E4%BB%B6/</guid>
    <description><![CDATA[近期想跟女朋友一起异地看电影，试了几种方式都不够优雅， 方式一：用chrome插件，双方同时打开一个视频源，然后通过这个插件能控制两个人的进度]]></description>
</item><item>
    <title>Kaggle图像分类竞赛实战总结详细代码解读</title>
    <link>https://www.leyoubaloy.xyz/posts/kaggle%E5%9B%BE%E5%83%8F%E5%88%86%E7%B1%BB%E7%AB%9E%E8%B5%9B%E5%AE%9E%E6%88%98%E6%80%BB%E7%BB%93%E8%AF%A6%E7%BB%86%E4%BB%A3%E7%A0%81%E8%A7%A3%E8%AF%BB/</link>
    <pubDate>Thu, 29 Dec 2022 12:37:38 &#43;0800</pubDate>
    <author>作者</author>
    <guid>https://www.leyoubaloy.xyz/posts/kaggle%E5%9B%BE%E5%83%8F%E5%88%86%E7%B1%BB%E7%AB%9E%E8%B5%9B%E5%AE%9E%E6%88%98%E6%80%BB%E7%BB%93%E8%AF%A6%E7%BB%86%E4%BB%A3%E7%A0%81%E8%A7%A3%E8%AF%BB/</guid>
    <description><![CDATA[前言 我是跟着李沐的动手学深度学习v2视频学习深度学习的，光看不做假把式，所以在学习完第七章-现代卷积神经网络之后，参加了一次李沐发布的Kag]]></description>
</item><item>
    <title>计组线上实验-运算器设计</title>
    <link>https://www.leyoubaloy.xyz/posts/%E8%AE%A1%E7%BB%84%E7%BA%BF%E4%B8%8A%E5%AE%9E%E9%AA%8C-%E8%BF%90%E7%AE%97%E5%99%A8%E8%AE%BE%E8%AE%A1/</link>
    <pubDate>Sat, 29 Oct 2022 12:58:43 &#43;0800</pubDate>
    <author>作者</author>
    <guid>https://www.leyoubaloy.xyz/posts/%E8%AE%A1%E7%BB%84%E7%BA%BF%E4%B8%8A%E5%AE%9E%E9%AA%8C-%E8%BF%90%E7%AE%97%E5%99%A8%E8%AE%BE%E8%AE%A1/</guid>
    <description><![CDATA[Logisim 这个软件还蛮好用的，用java写的，Windows直接按照老师的说明文档装就可以了，Mac从这里下载 https://github.com/laurensk/logisim-macos 学习资料： Mooc视频&ndash;]]></description>
</item><item>
    <title>Linux在指定时间区间内的随机时间点执行任务</title>
    <link>https://www.leyoubaloy.xyz/posts/linux%E5%9C%A8%E6%8C%87%E5%AE%9A%E6%97%B6%E9%97%B4%E5%8C%BA%E9%97%B4%E5%86%85%E7%9A%84%E9%9A%8F%E6%9C%BA%E6%97%B6%E9%97%B4%E7%82%B9%E6%89%A7%E8%A1%8C%E4%BB%BB%E5%8A%A1/</link>
    <pubDate>Sun, 23 Oct 2022 23:52:09 &#43;0800</pubDate>
    <author>作者</author>
    <guid>https://www.leyoubaloy.xyz/posts/linux%E5%9C%A8%E6%8C%87%E5%AE%9A%E6%97%B6%E9%97%B4%E5%8C%BA%E9%97%B4%E5%86%85%E7%9A%84%E9%9A%8F%E6%9C%BA%E6%97%B6%E9%97%B4%E7%82%B9%E6%89%A7%E8%A1%8C%E4%BB%BB%E5%8A%A1/</guid>
    <description><![CDATA[在Linux上如果你有一个定时任务需要执行，只需要在crontab中设置一个触发器就可以啦。 现在升级需求，比如说我想在6:00到9:00之间]]></description>
</item><item>
    <title>字、字节、字长、位等概念区分</title>
    <link>https://www.leyoubaloy.xyz/posts/%E5%AD%97%E5%AD%97%E8%8A%82%E5%AD%97%E9%95%BF%E4%BD%8D%E7%AD%89%E6%A6%82%E5%BF%B5%E5%8C%BA%E5%88%86/</link>
    <pubDate>Sat, 22 Oct 2022 09:54:39 &#43;0800</pubDate>
    <author>作者</author>
    <guid>https://www.leyoubaloy.xyz/posts/%E5%AD%97%E5%AD%97%E8%8A%82%E5%AD%97%E9%95%BF%E4%BD%8D%E7%AD%89%E6%A6%82%E5%BF%B5%E5%8C%BA%E5%88%86/</guid>
    <description><![CDATA[一提到字、字节、字长、位等概念我就做晕车，从来没弄懂过，现在总结如下 英文 特点 与其它关系 位 bit 0或1，最基本单位 字节 byte ASCII码中表示一个字符]]></description>
</item><item>
    <title>Linux输出重定向以及crontab的坑</title>
    <link>https://www.leyoubaloy.xyz/posts/linux%E8%BE%93%E5%87%BA%E9%87%8D%E5%AE%9A%E5%90%91%E4%BB%A5%E5%8F%8Acrontab%E7%9A%84%E5%9D%91/</link>
    <pubDate>Wed, 13 Jul 2022 11:14:42 &#43;0800</pubDate>
    <author>作者</author>
    <guid>https://www.leyoubaloy.xyz/posts/linux%E8%BE%93%E5%87%BA%E9%87%8D%E5%AE%9A%E5%90%91%E4%BB%A5%E5%8F%8Acrontab%E7%9A%84%E5%9D%91/</guid>
    <description><![CDATA[有一个python脚本，需要每天定时执行。我想使用crontab解决，但是无论怎样都不生效，最后问了专业人士（我表哥）才解决。下面分享一下踩]]></description>
</item><item>
    <title>数据结构与算法实习第二阶段</title>
    <link>https://www.leyoubaloy.xyz/posts/%E6%95%B0%E6%8D%AE%E7%BB%93%E6%9E%84%E4%B8%8E%E7%AE%97%E6%B3%95%E5%AE%9E%E4%B9%A0%E7%AC%AC%E4%BA%8C%E9%98%B6%E6%AE%B5/</link>
    <pubDate>Sat, 02 Jul 2022 15:38:13 &#43;0800</pubDate>
    <author>作者</author>
    <guid>https://www.leyoubaloy.xyz/posts/%E6%95%B0%E6%8D%AE%E7%BB%93%E6%9E%84%E4%B8%8E%E7%AE%97%E6%B3%95%E5%AE%9E%E4%B9%A0%E7%AC%AC%E4%BA%8C%E9%98%B6%E6%AE%B5/</guid>
    <description><![CDATA[7-1 Table Tennis 知识点：模拟，队列 思路：把所有玩家按到达顺序排序，逐个处理，分如下情况： 找到所有桌子中最早结束当前服务的桌子。判断：如果这个桌子当前服]]></description>
</item><item>
    <title>数据结构与算法实习第一阶段</title>
    <link>https://www.leyoubaloy.xyz/posts/%E6%95%B0%E6%8D%AE%E7%BB%93%E6%9E%84%E4%B8%8E%E7%AE%97%E6%B3%95%E5%AE%9E%E4%B9%A0%E7%AC%AC%E4%B8%80%E9%98%B6%E6%AE%B5/</link>
    <pubDate>Thu, 30 Jun 2022 16:34:10 &#43;0800</pubDate>
    <author>作者</author>
    <guid>https://www.leyoubaloy.xyz/posts/%E6%95%B0%E6%8D%AE%E7%BB%93%E6%9E%84%E4%B8%8E%E7%AE%97%E6%B3%95%E5%AE%9E%E4%B9%A0%E7%AC%AC%E4%B8%80%E9%98%B6%E6%AE%B5/</guid>
    <description><![CDATA[7-1 符号配对 知识点：栈 思路：先输入数据，将所有的符号保存下来，其它的可以丢掉。然后遍历，用tmp保留当前的符号，遇到左符号，压栈，当遇到右括号]]></description>
</item><item>
    <title>正则表达式提取《飞鸟集》</title>
    <link>https://www.leyoubaloy.xyz/posts/%E6%AD%A3%E5%88%99%E8%A1%A8%E8%BE%BE%E5%BC%8F%E6%8F%90%E5%8F%96%E9%A3%9E%E9%B8%9F%E9%9B%86/</link>
    <pubDate>Thu, 30 Jun 2022 11:18:09 &#43;0800</pubDate>
    <author>作者</author>
    <guid>https://www.leyoubaloy.xyz/posts/%E6%AD%A3%E5%88%99%E8%A1%A8%E8%BE%BE%E5%BC%8F%E6%8F%90%E5%8F%96%E9%A3%9E%E9%B8%9F%E9%9B%86/</guid>
    <description><![CDATA[需求 从网上down了一个《飞鸟集》的txt文件，其内容是这样的 Stray Birds 飞鸟集 1 Stray birds of summer come to my window to sing and fly away. And yellow leaves of autumn, which have no songs, flutter and fall there with a sigh. 夏天的飞]]></description>
</item></channel>
</rss>
