<rss xmlns:atom="http://www.w3.org/2005/Atom" version="2.0">
    <channel>
        <title>广告 - 分类 - 百乐的编程学习</title>
        <link>https://www.leyoubaloy.xyz/categories/%E5%B9%BF%E5%91%8A/</link>
        <description>广告 - 分类 - 百乐的编程学习</description>
        <generator>Hugo -- gohugo.io</generator><language>zh-CN</language><lastBuildDate>Thu, 17 Nov 2022 15:45:14 &#43;0800</lastBuildDate><atom:link href="https://www.leyoubaloy.xyz/categories/%E5%B9%BF%E5%91%8A/" rel="self" type="application/rss+xml" /><item>
    <title>蓝易云商家机器主打稳定建站服务器！29元 月1核 1G内存 10Mbps 香港CN2服务器、香港大带宽服务器、香港服务器推荐</title>
    <link>https://www.leyoubaloy.xyz/posts/%E8%93%9D%E6%98%93%E4%BA%91%E5%95%86%E5%AE%B6%E6%9C%BA%E5%99%A8%E4%B8%BB%E6%89%93%E7%A8%B3%E5%AE%9A%E5%BB%BA%E7%AB%99%E6%9C%8D%E5%8A%A1%E5%99%A829%E5%85%83-%E6%9C%881%E6%A0%B8-1g%E5%86%85%E5%AD%98-10mbps-%E9%A6%99%E6%B8%AFcn2%E6%9C%8D%E5%8A%A1%E5%99%A8%E9%A6%99%E6%B8%AF%E5%A4%A7%E5%B8%A6%E5%AE%BD%E6%9C%8D%E5%8A%A1%E5%99%A8%E9%A6%99%E6%B8%AF%E6%9C%8D%E5%8A%A1%E5%99%A8%E6%8E%A8%E8%8D%90/</link>
    <pubDate>Thu, 17 Nov 2022 15:45:14 &#43;0800</pubDate>
    <author>作者</author>
    <guid>https://www.leyoubaloy.xyz/posts/%E8%93%9D%E6%98%93%E4%BA%91%E5%95%86%E5%AE%B6%E6%9C%BA%E5%99%A8%E4%B8%BB%E6%89%93%E7%A8%B3%E5%AE%9A%E5%BB%BA%E7%AB%99%E6%9C%8D%E5%8A%A1%E5%99%A829%E5%85%83-%E6%9C%881%E6%A0%B8-1g%E5%86%85%E5%AD%98-10mbps-%E9%A6%99%E6%B8%AFcn2%E6%9C%8D%E5%8A%A1%E5%99%A8%E9%A6%99%E6%B8%AF%E5%A4%A7%E5%B8%A6%E5%AE%BD%E6%9C%8D%E5%8A%A1%E5%99%A8%E9%A6%99%E6%B8%AF%E6%9C%8D%E5%8A%A1%E5%99%A8%E6%8E%A8%E8%8D%90/</guid>
    <description><![CDATA[蓝易云好不好? 蓝易云怎么样？香港服务器推荐。 蓝易云，2020年成立的国人商家，是成都天上云网络科技有限公司旗下的云计算服务品牌，专注为个人开]]></description>
</item></channel>
</rss>
