<rss xmlns:atom="http://www.w3.org/2005/Atom" version="2.0">
    <channel>
        <title>所有文章 - 百乐的编程学习</title>
        <link>https://www.leyoubaloy.xyz/posts/</link>
        <description>所有文章 | 百乐的编程学习</description>
        <generator>Hugo -- gohugo.io</generator><language>zh-CN</language><lastBuildDate>Mon, 20 Mar 2023 13:32:55 &#43;0800</lastBuildDate><atom:link href="https://www.leyoubaloy.xyz/posts/" rel="self" type="application/rss+xml" /><item>
    <title>CSS布局基础知识</title>
    <link>https://www.leyoubaloy.xyz/posts/css%E5%B8%83%E5%B1%80%E5%9F%BA%E7%A1%80%E7%9F%A5%E8%AF%86/</link>
    <pubDate>Mon, 20 Mar 2023 13:32:55 &#43;0800</pubDate>
    <author>作者</author>
    <guid>https://www.leyoubaloy.xyz/posts/css%E5%B8%83%E5%B1%80%E5%9F%BA%E7%A1%80%E7%9F%A5%E8%AF%86/</guid>
    <description><![CDATA[需求 还是之前的那个需求，我需要做一个静态网页用于展示电子版教材。网页的布局非常重要，我需要一个顶部横向的导航栏，一个能够显示大纲的侧边栏，侧]]></description>
</item><item>
    <title>在vue中使用highlightjs-line-numbersjs实现代码高亮并且增加行号</title>
    <link>https://www.leyoubaloy.xyz/posts/%E5%9C%A8vue%E4%B8%AD%E4%BD%BF%E7%94%A8hilightjs-line-numbers%E5%AE%9E%E7%8E%B0%E4%BB%A3%E7%A0%81%E9%AB%98%E4%BA%AE%E5%B9%B6%E4%B8%94%E5%A2%9E%E5%8A%A0%E8%A1%8C%E5%8F%B7/</link>
    <pubDate>Thu, 16 Mar 2023 23:51:26 &#43;0800</pubDate>
    <author>作者</author>
    <guid>https://www.leyoubaloy.xyz/posts/%E5%9C%A8vue%E4%B8%AD%E4%BD%BF%E7%94%A8hilightjs-line-numbers%E5%AE%9E%E7%8E%B0%E4%BB%A3%E7%A0%81%E9%AB%98%E4%BA%AE%E5%B9%B6%E4%B8%94%E5%A2%9E%E5%8A%A0%E8%A1%8C%E5%8F%B7/</guid>
    <description><![CDATA[highlight.js 实现代码高亮是很容易的，有很多库都支持，比较有名的是highlightjs，它的使用方法是： 先引入css文件和js文件 &lt;link rel=&#34;stylesheet&#34; type=&#34;text/css&#34; href=&#34;https://cdnjs.cloudflare.com/ajax/libs/highlight.js/10.0.3/styles/default.min.css&#34;&gt; &lt;script src=&#34;https://cdnjs.cloudflare.com/ajax/libs/highlight.js/10.0.3/highlight.min.js&#34;&gt;&lt;/script&gt; 再将你的]]></description>
</item><item>
    <title>妈妈说：好久都没这么开心了</title>
    <link>https://www.leyoubaloy.xyz/posts/%E5%A6%88%E5%A6%88%E8%AF%B4%E5%A5%BD%E4%B9%85%E9%83%BD%E6%B2%A1%E8%BF%99%E4%B9%88%E5%BC%80%E5%BF%83%E4%BA%86/</link>
    <pubDate>Thu, 09 Mar 2023 17:14:05 &#43;0800</pubDate>
    <author>作者</author>
    <guid>https://www.leyoubaloy.xyz/posts/%E5%A6%88%E5%A6%88%E8%AF%B4%E5%A5%BD%E4%B9%85%E9%83%BD%E6%B2%A1%E8%BF%99%E4%B9%88%E5%BC%80%E5%BF%83%E4%BA%86/</guid>
    <description><![CDATA[3月7日是女神节，3月8日是妇女节，3月9日是我妈妈生日，所以这几天对她来说是很重要的日子。 我妈妈记我和我姐的生日记得很清楚，但自己的生日却]]></description>
</item><item>
    <title>HUSTOJ前端源代码解析（PHP）</title>
    <link>https://www.leyoubaloy.xyz/posts/hustoj%E5%89%8D%E7%AB%AF%E6%BA%90%E4%BB%A3%E7%A0%81%E8%A7%A3%E6%9E%90php/</link>
    <pubDate>Thu, 09 Mar 2023 17:12:10 &#43;0800</pubDate>
    <author>作者</author>
    <guid>https://www.leyoubaloy.xyz/posts/hustoj%E5%89%8D%E7%AB%AF%E6%BA%90%E4%BB%A3%E7%A0%81%E8%A7%A3%E6%9E%90php/</guid>
    <description><![CDATA[需求 老师写了一本c++教材，这本教材的一大特色就是构建了一个有关c++的知识点网络。只有在电子版教材中，这种知识点网络才能真正发挥它的作用（]]></description>
</item><item>
    <title>如何将语雀文档导出为html（使用语雀API）</title>
    <link>https://www.leyoubaloy.xyz/posts/%E5%A6%82%E4%BD%95%E5%B0%86%E8%AF%AD%E9%9B%80%E6%96%87%E6%A1%A3%E5%AF%BC%E5%87%BA%E4%B8%BAhtml%E4%BD%BF%E7%94%A8%E8%AF%AD%E9%9B%80api/</link>
    <pubDate>Thu, 09 Mar 2023 16:12:56 &#43;0800</pubDate>
    <author>作者</author>
    <guid>https://www.leyoubaloy.xyz/posts/%E5%A6%82%E4%BD%95%E5%B0%86%E8%AF%AD%E9%9B%80%E6%96%87%E6%A1%A3%E5%AF%BC%E5%87%BA%E4%B8%BAhtml%E4%BD%BF%E7%94%A8%E8%AF%AD%E9%9B%80api/</guid>
    <description><![CDATA[需求 语雀本身是用web端访问的，按理来说，导出为html文件应该是最接近原生文档的观感的，但是却不支持，反倒是可以导出为pdf、markdo]]></description>
</item><item>
    <title>组装一台新的电脑</title>
    <link>https://www.leyoubaloy.xyz/posts/%E7%BB%84%E8%A3%85%E4%B8%80%E5%8F%B0%E6%96%B0%E7%9A%84%E7%94%B5%E8%84%91/</link>
    <pubDate>Wed, 01 Mar 2023 08:57:51 &#43;0800</pubDate>
    <author>作者</author>
    <guid>https://www.leyoubaloy.xyz/posts/%E7%BB%84%E8%A3%85%E4%B8%80%E5%8F%B0%E6%96%B0%E7%9A%84%E7%94%B5%E8%84%91/</guid>
    <description><![CDATA[从Windows换到Mac，获得了很多东西： 又轻又薄，续航还长，背出去上课自习非常方便（隔壁背着游戏本的同学都羡慕哭了）； 一块素质极高的屏幕]]></description>
</item><item>
    <title>2023年寒假总结</title>
    <link>https://www.leyoubaloy.xyz/posts/2023%E5%B9%B4%E5%AF%92%E5%81%87%E6%80%BB%E7%BB%93/</link>
    <pubDate>Wed, 15 Feb 2023 21:31:31 &#43;0800</pubDate>
    <author>作者</author>
    <guid>https://www.leyoubaloy.xyz/posts/2023%E5%B9%B4%E5%AF%92%E5%81%87%E6%80%BB%E7%BB%93/</guid>
    <description><![CDATA[明天就要返校啦，下学期课贼少（一周只有4节），而且疫情结束，再也不会被封在学校啦，可以多跟彤彤出去玩了，所以还是蛮期待的！回顾这个寒假，总体]]></description>
</item><item>
    <title>跟妈妈一起的徐州一日游</title>
    <link>https://www.leyoubaloy.xyz/posts/%E8%B7%9F%E5%A6%88%E5%A6%88%E4%B8%80%E8%B5%B7%E7%9A%84%E5%BE%90%E5%B7%9E%E4%B8%80%E6%97%A5%E6%B8%B8/</link>
    <pubDate>Mon, 13 Feb 2023 21:50:46 &#43;0800</pubDate>
    <author>作者</author>
    <guid>https://www.leyoubaloy.xyz/posts/%E8%B7%9F%E5%A6%88%E5%A6%88%E4%B8%80%E8%B5%B7%E7%9A%84%E5%BE%90%E5%B7%9E%E4%B8%80%E6%97%A5%E6%B8%B8/</guid>
    <description><![CDATA[徐州对我来说，是一个很神奇的城市，它是彤彤签约企业所在的城市，是包邮区里唯一一个有暖气的城市，是历史课本中的兵家必争之地，是全国重要的铁路枢]]></description>
</item><item>
    <title>Qt动态添加和删除布局（仿jupyter）</title>
    <link>https://www.leyoubaloy.xyz/posts/qt%E5%8A%A8%E6%80%81%E6%B7%BB%E5%8A%A0%E5%92%8C%E5%88%A0%E9%99%A4%E5%B8%83%E5%B1%80%E4%BB%BFjupyter/</link>
    <pubDate>Thu, 02 Feb 2023 14:14:19 &#43;0800</pubDate>
    <author>作者</author>
    <guid>https://www.leyoubaloy.xyz/posts/qt%E5%8A%A8%E6%80%81%E6%B7%BB%E5%8A%A0%E5%92%8C%E5%88%A0%E9%99%A4%E5%B8%83%E5%B1%80%E4%BB%BFjupyter/</guid>
    <description><![CDATA[前言 老师给了一个任务，仿照jupyter notebook中可以动态添加、删除的cell，用c++的qt做一个类似的界面。具体来说，一个cel]]></description>
</item><item>
    <title>《肠子的小心思》——读书笔记</title>
    <link>https://www.leyoubaloy.xyz/posts/%E8%82%A0%E5%AD%90%E7%9A%84%E5%B0%8F%E5%BF%83%E6%80%9D%E8%AF%BB%E4%B9%A6%E7%AC%94%E8%AE%B0/</link>
    <pubDate>Sat, 28 Jan 2023 17:57:02 &#43;0800</pubDate>
    <author>作者</author>
    <guid>https://www.leyoubaloy.xyz/posts/%E8%82%A0%E5%AD%90%E7%9A%84%E5%B0%8F%E5%BF%83%E6%80%9D%E8%AF%BB%E4%B9%A6%E7%AC%94%E8%AE%B0/</guid>
    <description><![CDATA[我是一个肠胃经常出毛病的人。最近闲逛豆瓣，发现了这本评分高达8.9分的有关肠子的医学科普书籍，赶紧买回来看看它能对我有什么帮助，看完之后果然]]></description>
</item></channel>
</rss>
