<rss xmlns:atom="http://www.w3.org/2005/Atom" version="2.0">
    <channel>
        <title>技能分享 - 分类 - 百乐的编程学习</title>
        <link>https://www.leyoubaloy.xyz/categories/%E6%8A%80%E8%83%BD%E5%88%86%E4%BA%AB/</link>
        <description>技能分享 - 分类 - 百乐的编程学习</description>
        <generator>Hugo -- gohugo.io</generator><language>zh-CN</language><lastBuildDate>Mon, 20 Mar 2023 13:32:55 &#43;0800</lastBuildDate><atom:link href="https://www.leyoubaloy.xyz/categories/%E6%8A%80%E8%83%BD%E5%88%86%E4%BA%AB/" rel="self" type="application/rss+xml" /><item>
    <title>CSS布局基础知识</title>
    <link>https://www.leyoubaloy.xyz/posts/css%E5%B8%83%E5%B1%80%E5%9F%BA%E7%A1%80%E7%9F%A5%E8%AF%86/</link>
    <pubDate>Mon, 20 Mar 2023 13:32:55 &#43;0800</pubDate>
    <author>作者</author>
    <guid>https://www.leyoubaloy.xyz/posts/css%E5%B8%83%E5%B1%80%E5%9F%BA%E7%A1%80%E7%9F%A5%E8%AF%86/</guid>
    <description><![CDATA[需求 还是之前的那个需求，我需要做一个静态网页用于展示电子版教材。网页的布局非常重要，我需要一个顶部横向的导航栏，一个能够显示大纲的侧边栏，侧]]></description>
</item><item>
    <title>在vue中使用highlightjs-line-numbersjs实现代码高亮并且增加行号</title>
    <link>https://www.leyoubaloy.xyz/posts/%E5%9C%A8vue%E4%B8%AD%E4%BD%BF%E7%94%A8hilightjs-line-numbers%E5%AE%9E%E7%8E%B0%E4%BB%A3%E7%A0%81%E9%AB%98%E4%BA%AE%E5%B9%B6%E4%B8%94%E5%A2%9E%E5%8A%A0%E8%A1%8C%E5%8F%B7/</link>
    <pubDate>Thu, 16 Mar 2023 23:51:26 &#43;0800</pubDate>
    <author>作者</author>
    <guid>https://www.leyoubaloy.xyz/posts/%E5%9C%A8vue%E4%B8%AD%E4%BD%BF%E7%94%A8hilightjs-line-numbers%E5%AE%9E%E7%8E%B0%E4%BB%A3%E7%A0%81%E9%AB%98%E4%BA%AE%E5%B9%B6%E4%B8%94%E5%A2%9E%E5%8A%A0%E8%A1%8C%E5%8F%B7/</guid>
    <description><![CDATA[highlight.js 实现代码高亮是很容易的，有很多库都支持，比较有名的是highlightjs，它的使用方法是： 先引入css文件和js文件 &lt;link rel=&#34;stylesheet&#34; type=&#34;text/css&#34; href=&#34;https://cdnjs.cloudflare.com/ajax/libs/highlight.js/10.0.3/styles/default.min.css&#34;&gt; &lt;script src=&#34;https://cdnjs.cloudflare.com/ajax/libs/highlight.js/10.0.3/highlight.min.js&#34;&gt;&lt;/script&gt; 再将你的]]></description>
</item><item>
    <title>HUSTOJ前端源代码解析（PHP）</title>
    <link>https://www.leyoubaloy.xyz/posts/hustoj%E5%89%8D%E7%AB%AF%E6%BA%90%E4%BB%A3%E7%A0%81%E8%A7%A3%E6%9E%90php/</link>
    <pubDate>Thu, 09 Mar 2023 17:12:10 &#43;0800</pubDate>
    <author>作者</author>
    <guid>https://www.leyoubaloy.xyz/posts/hustoj%E5%89%8D%E7%AB%AF%E6%BA%90%E4%BB%A3%E7%A0%81%E8%A7%A3%E6%9E%90php/</guid>
    <description><![CDATA[需求 老师写了一本c++教材，这本教材的一大特色就是构建了一个有关c++的知识点网络。只有在电子版教材中，这种知识点网络才能真正发挥它的作用（]]></description>
</item><item>
    <title>如何将语雀文档导出为html（使用语雀API）</title>
    <link>https://www.leyoubaloy.xyz/posts/%E5%A6%82%E4%BD%95%E5%B0%86%E8%AF%AD%E9%9B%80%E6%96%87%E6%A1%A3%E5%AF%BC%E5%87%BA%E4%B8%BAhtml%E4%BD%BF%E7%94%A8%E8%AF%AD%E9%9B%80api/</link>
    <pubDate>Thu, 09 Mar 2023 16:12:56 &#43;0800</pubDate>
    <author>作者</author>
    <guid>https://www.leyoubaloy.xyz/posts/%E5%A6%82%E4%BD%95%E5%B0%86%E8%AF%AD%E9%9B%80%E6%96%87%E6%A1%A3%E5%AF%BC%E5%87%BA%E4%B8%BAhtml%E4%BD%BF%E7%94%A8%E8%AF%AD%E9%9B%80api/</guid>
    <description><![CDATA[需求 语雀本身是用web端访问的，按理来说，导出为html文件应该是最接近原生文档的观感的，但是却不支持，反倒是可以导出为pdf、markdo]]></description>
</item><item>
    <title>组装一台新的电脑</title>
    <link>https://www.leyoubaloy.xyz/posts/%E7%BB%84%E8%A3%85%E4%B8%80%E5%8F%B0%E6%96%B0%E7%9A%84%E7%94%B5%E8%84%91/</link>
    <pubDate>Wed, 01 Mar 2023 08:57:51 &#43;0800</pubDate>
    <author>作者</author>
    <guid>https://www.leyoubaloy.xyz/posts/%E7%BB%84%E8%A3%85%E4%B8%80%E5%8F%B0%E6%96%B0%E7%9A%84%E7%94%B5%E8%84%91/</guid>
    <description><![CDATA[从Windows换到Mac，获得了很多东西： 又轻又薄，续航还长，背出去上课自习非常方便（隔壁背着游戏本的同学都羡慕哭了）； 一块素质极高的屏幕]]></description>
</item><item>
    <title>Qt动态添加和删除布局（仿jupyter）</title>
    <link>https://www.leyoubaloy.xyz/posts/qt%E5%8A%A8%E6%80%81%E6%B7%BB%E5%8A%A0%E5%92%8C%E5%88%A0%E9%99%A4%E5%B8%83%E5%B1%80%E4%BB%BFjupyter/</link>
    <pubDate>Thu, 02 Feb 2023 14:14:19 &#43;0800</pubDate>
    <author>作者</author>
    <guid>https://www.leyoubaloy.xyz/posts/qt%E5%8A%A8%E6%80%81%E6%B7%BB%E5%8A%A0%E5%92%8C%E5%88%A0%E9%99%A4%E5%B8%83%E5%B1%80%E4%BB%BFjupyter/</guid>
    <description><![CDATA[前言 老师给了一个任务，仿照jupyter notebook中可以动态添加、删除的cell，用c++的qt做一个类似的界面。具体来说，一个cel]]></description>
</item><item>
    <title>致动o手柄对比xbox原装手柄使用体验分享</title>
    <link>https://www.leyoubaloy.xyz/posts/%E8%87%B4%E5%8A%A8o%E6%89%8B%E6%9F%84%E5%AF%B9%E6%AF%94xbox%E5%8E%9F%E8%A3%85%E6%89%8B%E6%9F%84%E4%BD%BF%E7%94%A8%E4%BD%93%E9%AA%8C%E5%88%86%E4%BA%AB/</link>
    <pubDate>Sun, 15 Jan 2023 08:59:39 &#43;0800</pubDate>
    <author>作者</author>
    <guid>https://www.leyoubaloy.xyz/posts/%E8%87%B4%E5%8A%A8o%E6%89%8B%E6%9F%84%E5%AF%B9%E6%AF%94xbox%E5%8E%9F%E8%A3%85%E6%89%8B%E6%9F%84%E4%BD%BF%E7%94%A8%E4%BD%93%E9%AA%8C%E5%88%86%E4%BA%AB/</guid>
    <description><![CDATA[对于游戏玩家来说，键盘鼠标可能不是最好的控制器（网游，fps玩家除外），拥有一个手柄，会让游戏体验更加舒适。尤其是对于一些需要慢慢品玩的3A]]></description>
</item><item>
    <title>LiveGo——小而美的直播串流软件</title>
    <link>https://www.leyoubaloy.xyz/posts/livego%E5%B0%8F%E8%80%8C%E7%BE%8E%E7%9A%84%E7%9B%B4%E6%92%AD%E4%B8%B2%E6%B5%81%E8%BD%AF%E4%BB%B6/</link>
    <pubDate>Sun, 01 Jan 2023 16:11:53 &#43;0800</pubDate>
    <author>作者</author>
    <guid>https://www.leyoubaloy.xyz/posts/livego%E5%B0%8F%E8%80%8C%E7%BE%8E%E7%9A%84%E7%9B%B4%E6%92%AD%E4%B8%B2%E6%B5%81%E8%BD%AF%E4%BB%B6/</guid>
    <description><![CDATA[近期想跟女朋友一起异地看电影，试了几种方式都不够优雅， 方式一：用chrome插件，双方同时打开一个视频源，然后通过这个插件能控制两个人的进度]]></description>
</item><item>
    <title>Kaggle图像分类竞赛实战总结详细代码解读</title>
    <link>https://www.leyoubaloy.xyz/posts/kaggle%E5%9B%BE%E5%83%8F%E5%88%86%E7%B1%BB%E7%AB%9E%E8%B5%9B%E5%AE%9E%E6%88%98%E6%80%BB%E7%BB%93%E8%AF%A6%E7%BB%86%E4%BB%A3%E7%A0%81%E8%A7%A3%E8%AF%BB/</link>
    <pubDate>Thu, 29 Dec 2022 12:37:38 &#43;0800</pubDate>
    <author>作者</author>
    <guid>https://www.leyoubaloy.xyz/posts/kaggle%E5%9B%BE%E5%83%8F%E5%88%86%E7%B1%BB%E7%AB%9E%E8%B5%9B%E5%AE%9E%E6%88%98%E6%80%BB%E7%BB%93%E8%AF%A6%E7%BB%86%E4%BB%A3%E7%A0%81%E8%A7%A3%E8%AF%BB/</guid>
    <description><![CDATA[前言 我是跟着李沐的动手学深度学习v2视频学习深度学习的，光看不做假把式，所以在学习完第七章-现代卷积神经网络之后，参加了一次李沐发布的Kag]]></description>
</item><item>
    <title>Linux在指定时间区间内的随机时间点执行任务</title>
    <link>https://www.leyoubaloy.xyz/posts/linux%E5%9C%A8%E6%8C%87%E5%AE%9A%E6%97%B6%E9%97%B4%E5%8C%BA%E9%97%B4%E5%86%85%E7%9A%84%E9%9A%8F%E6%9C%BA%E6%97%B6%E9%97%B4%E7%82%B9%E6%89%A7%E8%A1%8C%E4%BB%BB%E5%8A%A1/</link>
    <pubDate>Sun, 23 Oct 2022 23:52:09 &#43;0800</pubDate>
    <author>作者</author>
    <guid>https://www.leyoubaloy.xyz/posts/linux%E5%9C%A8%E6%8C%87%E5%AE%9A%E6%97%B6%E9%97%B4%E5%8C%BA%E9%97%B4%E5%86%85%E7%9A%84%E9%9A%8F%E6%9C%BA%E6%97%B6%E9%97%B4%E7%82%B9%E6%89%A7%E8%A1%8C%E4%BB%BB%E5%8A%A1/</guid>
    <description><![CDATA[在Linux上如果你有一个定时任务需要执行，只需要在crontab中设置一个触发器就可以啦。 现在升级需求，比如说我想在6:00到9:00之间]]></description>
</item></channel>
</rss>
