<rss xmlns:atom="http://www.w3.org/2005/Atom" version="2.0">
    <channel>
        <title>Categories - 分类 - 百乐的编程学习</title>
        <link>https://www.leyoubaloy.xyz/categories/</link>
        <description>Categories - 分类 - 百乐的编程学习</description>
        <generator>Hugo -- gohugo.io</generator><language>zh-CN</language><lastBuildDate>Mon, 20 Mar 2023 13:32:55 &#43;0800</lastBuildDate><atom:link href="https://www.leyoubaloy.xyz/categories/" rel="self" type="application/rss+xml" /><item>
    <title>技能分享</title>
    <link>https://www.leyoubaloy.xyz/categories/%E6%8A%80%E8%83%BD%E5%88%86%E4%BA%AB/</link>
    <pubDate>Mon, 20 Mar 2023 13:32:55 &#43;0800</pubDate>
    <author>作者</author>
    <guid>https://www.leyoubaloy.xyz/categories/%E6%8A%80%E8%83%BD%E5%88%86%E4%BA%AB/</guid>
    <description><![CDATA[]]></description>
</item><item>
    <title>随笔杂记</title>
    <link>https://www.leyoubaloy.xyz/categories/%E9%9A%8F%E7%AC%94%E6%9D%82%E8%AE%B0/</link>
    <pubDate>Thu, 09 Mar 2023 17:14:05 &#43;0800</pubDate>
    <author>作者</author>
    <guid>https://www.leyoubaloy.xyz/categories/%E9%9A%8F%E7%AC%94%E6%9D%82%E8%AE%B0/</guid>
    <description><![CDATA[]]></description>
</item><item>
    <title>笔记</title>
    <link>https://www.leyoubaloy.xyz/categories/%E7%AC%94%E8%AE%B0/</link>
    <pubDate>Thu, 02 Feb 2023 14:14:19 &#43;0800</pubDate>
    <author>作者</author>
    <guid>https://www.leyoubaloy.xyz/categories/%E7%AC%94%E8%AE%B0/</guid>
    <description><![CDATA[]]></description>
</item><item>
    <title>书影记录</title>
    <link>https://www.leyoubaloy.xyz/categories/%E4%B9%A6%E5%BD%B1%E8%AE%B0%E5%BD%95/</link>
    <pubDate>Sat, 28 Jan 2023 17:57:02 &#43;0800</pubDate>
    <author>作者</author>
    <guid>https://www.leyoubaloy.xyz/categories/%E4%B9%A6%E5%BD%B1%E8%AE%B0%E5%BD%95/</guid>
    <description><![CDATA[]]></description>
</item><item>
    <title>广告</title>
    <link>https://www.leyoubaloy.xyz/categories/%E5%B9%BF%E5%91%8A/</link>
    <pubDate>Thu, 17 Nov 2022 15:45:14 &#43;0800</pubDate>
    <author>作者</author>
    <guid>https://www.leyoubaloy.xyz/categories/%E5%B9%BF%E5%91%8A/</guid>
    <description><![CDATA[]]></description>
</item><item>
    <title>刷题</title>
    <link>https://www.leyoubaloy.xyz/categories/%E5%88%B7%E9%A2%98/</link>
    <pubDate>Sat, 02 Jul 2022 15:38:13 &#43;0800</pubDate>
    <author>作者</author>
    <guid>https://www.leyoubaloy.xyz/categories/%E5%88%B7%E9%A2%98/</guid>
    <description><![CDATA[]]></description>
</item></channel>
</rss>
