<rss xmlns:atom="http://www.w3.org/2005/Atom" version="2.0">
    <channel>
        <title>书影记录 - 分类 - 百乐的编程学习</title>
        <link>https://www.leyoubaloy.xyz/categories/%E4%B9%A6%E5%BD%B1%E8%AE%B0%E5%BD%95/</link>
        <description>书影记录 - 分类 - 百乐的编程学习</description>
        <generator>Hugo -- gohugo.io</generator><language>zh-CN</language><lastBuildDate>Sat, 28 Jan 2023 17:57:02 &#43;0800</lastBuildDate><atom:link href="https://www.leyoubaloy.xyz/categories/%E4%B9%A6%E5%BD%B1%E8%AE%B0%E5%BD%95/" rel="self" type="application/rss+xml" /><item>
    <title>《肠子的小心思》——读书笔记</title>
    <link>https://www.leyoubaloy.xyz/posts/%E8%82%A0%E5%AD%90%E7%9A%84%E5%B0%8F%E5%BF%83%E6%80%9D%E8%AF%BB%E4%B9%A6%E7%AC%94%E8%AE%B0/</link>
    <pubDate>Sat, 28 Jan 2023 17:57:02 &#43;0800</pubDate>
    <author>作者</author>
    <guid>https://www.leyoubaloy.xyz/posts/%E8%82%A0%E5%AD%90%E7%9A%84%E5%B0%8F%E5%BF%83%E6%80%9D%E8%AF%BB%E4%B9%A6%E7%AC%94%E8%AE%B0/</guid>
    <description><![CDATA[我是一个肠胃经常出毛病的人。最近闲逛豆瓣，发现了这本评分高达8.9分的有关肠子的医学科普书籍，赶紧买回来看看它能对我有什么帮助，看完之后果然]]></description>
</item><item>
    <title>《悉达多》——人生就是在不断的体验与感悟</title>
    <link>https://www.leyoubaloy.xyz/posts/%E6%82%89%E8%BE%BE%E5%A4%9A-%E4%BA%BA%E7%94%9F%E5%B0%B1%E6%98%AF%E5%9C%A8%E4%B8%8D%E6%96%AD%E7%9A%84%E4%BD%93%E9%AA%8C%E4%B8%8E%E6%84%9F%E6%82%9F/</link>
    <pubDate>Sat, 12 Nov 2022 14:20:24 &#43;0800</pubDate>
    <author>作者</author>
    <guid>https://www.leyoubaloy.xyz/posts/%E6%82%89%E8%BE%BE%E5%A4%9A-%E4%BA%BA%E7%94%9F%E5%B0%B1%E6%98%AF%E5%9C%A8%E4%B8%8D%E6%96%AD%E7%9A%84%E4%BD%93%E9%AA%8C%E4%B8%8E%E6%84%9F%E6%82%9F/</guid>
    <description><![CDATA[《悉达多》 故事的背景发生在印度，青年的悉达多是婆罗门（印度种姓制度中的最高等级）之子，他幼年时勤勉好学，聪慧非凡，长相俊美。大家都爱戴他，认]]></description>
</item><item>
    <title>《乡土中国》读书笔记</title>
    <link>https://www.leyoubaloy.xyz/posts/%E4%B9%A1%E5%9C%9F%E4%B8%AD%E5%9B%BD%E8%AF%BB%E4%B9%A6%E7%AC%94%E8%AE%B0/</link>
    <pubDate>Fri, 01 Jul 2022 20:32:23 &#43;0800</pubDate>
    <author>作者</author>
    <guid>https://www.leyoubaloy.xyz/posts/%E4%B9%A1%E5%9C%9F%E4%B8%AD%E5%9B%BD%E8%AF%BB%E4%B9%A6%E7%AC%94%E8%AE%B0/</guid>
    <description><![CDATA[《乡土中国》由费孝通先生的14篇论文组成，其内容是对中国社会基本结构的深入剖析。其中《差序格局》一篇最让我印象深刻。该书并不难读，但若要想全]]></description>
</item><item>
    <title>《写给大家看的设计书》读书笔记</title>
    <link>https://www.leyoubaloy.xyz/posts/%E5%86%99%E7%BB%99%E5%A4%A7%E5%AE%B6%E7%9C%8B%E7%9A%84%E8%AE%BE%E8%AE%A1%E4%B9%A6%E8%AF%BB%E4%B9%A6%E7%AC%94%E8%AE%B0/</link>
    <pubDate>Tue, 14 Jun 2022 19:19:28 &#43;0800</pubDate>
    <author>作者</author>
    <guid>https://www.leyoubaloy.xyz/posts/%E5%86%99%E7%BB%99%E5%A4%A7%E5%AE%B6%E7%9C%8B%E7%9A%84%E8%AE%BE%E8%AE%A1%E4%B9%A6%E8%AF%BB%E4%B9%A6%E7%AC%94%E8%AE%B0/</guid>
    <description><![CDATA[写给大家看的设计书 本书作者是美国著名设计师Robin Williams，Mac爱好者（因为我也喜欢Mac，所以强调一下这个）。 这是一本写给非设]]></description>
</item><item>
    <title>《从零开始的女性主义》读后有感</title>
    <link>https://www.leyoubaloy.xyz/posts/%E4%BB%8E%E9%9B%B6%E5%BC%80%E5%A7%8B%E7%9A%84%E5%A5%B3%E6%80%A7%E4%B8%BB%E4%B9%89%E8%AF%BB%E5%90%8E%E6%9C%89%E6%84%9F/</link>
    <pubDate>Fri, 06 May 2022 17:32:20 &#43;0800</pubDate>
    <author>作者</author>
    <guid>https://www.leyoubaloy.xyz/posts/%E4%BB%8E%E9%9B%B6%E5%BC%80%E5%A7%8B%E7%9A%84%E5%A5%B3%E6%80%A7%E4%B8%BB%E4%B9%89%E8%AF%BB%E5%90%8E%E6%9C%89%E6%84%9F/</guid>
    <description><![CDATA[《从零开始的女性主义》 “女性主义”其实就是“女权主义”，只不过后者在大家的印象里有贬义的意味，所以换了一种说法。“女权”这个词在近几年特别火]]></description>
</item><item>
    <title>《无人生还》读后有感</title>
    <link>https://www.leyoubaloy.xyz/posts/%E6%97%A0%E4%BA%BA%E7%94%9F%E8%BF%98%E8%AF%BB%E5%90%8E%E6%9C%89%E6%84%9F/</link>
    <pubDate>Sat, 30 Apr 2022 17:58:36 &#43;0800</pubDate>
    <author>作者</author>
    <guid>https://www.leyoubaloy.xyz/posts/%E6%97%A0%E4%BA%BA%E7%94%9F%E8%BF%98%E8%AF%BB%E5%90%8E%E6%9C%89%E6%84%9F/</guid>
    <description><![CDATA[作者 《无人生还》是英国作家女侦探小说家阿加莎·克里斯蒂，其一生写过80部推理小说，可谓著作等身，被誉为举世公认的侦探小说女王。《无人生还》写]]></description>
</item><item>
    <title>《失乐园》读后有感</title>
    <link>https://www.leyoubaloy.xyz/posts/%E5%A4%B1%E4%B9%90%E5%9B%AD%E8%AF%BB%E5%90%8E%E6%9C%89%E6%84%9F/</link>
    <pubDate>Fri, 15 Apr 2022 16:38:22 &#43;0800</pubDate>
    <author>作者</author>
    <guid>https://www.leyoubaloy.xyz/posts/%E5%A4%B1%E4%B9%90%E5%9B%AD%E8%AF%BB%E5%90%8E%E6%9C%89%E6%84%9F/</guid>
    <description><![CDATA[故事简叙 《失乐园》 久木是一家出版社的编辑，人到中年，事业不会有进一步发展了，对家人的感情也是平平淡淡的，生活只是一日复一日，清闲无聊得很。 一]]></description>
</item><item>
    <title>《邓小平时代》——改革开放的总设计师</title>
    <link>https://www.leyoubaloy.xyz/posts/%E9%82%93%E5%B0%8F%E5%B9%B3%E6%97%B6%E4%BB%A3%E6%94%B9%E9%9D%A9%E5%BC%80%E6%94%BE%E7%9A%84%E6%80%BB%E8%AE%BE%E8%AE%A1%E5%B8%88/</link>
    <pubDate>Fri, 18 Mar 2022 18:32:09 &#43;0800</pubDate>
    <author>作者</author>
    <guid>https://www.leyoubaloy.xyz/posts/%E9%82%93%E5%B0%8F%E5%B9%B3%E6%97%B6%E4%BB%A3%E6%94%B9%E9%9D%A9%E5%BC%80%E6%94%BE%E7%9A%84%E6%80%BB%E8%AE%BE%E8%AE%A1%E5%B8%88/</guid>
    <description><![CDATA[邓小平时代 所有中国人都知道，1949年建国时中国是一个落后封闭的社会主义国家（和现在的朝鲜差不多）。但是在80年代，社会主义市场经济取代了计]]></description>
</item><item>
    <title>《雪国》读书笔记</title>
    <link>https://www.leyoubaloy.xyz/posts/%E9%9B%AA%E5%9B%BD%E8%AF%BB%E4%B9%A6%E7%AC%94%E8%AE%B0/</link>
    <pubDate>Sun, 13 Feb 2022 23:38:09 &#43;0800</pubDate>
    <author>作者</author>
    <guid>https://www.leyoubaloy.xyz/posts/%E9%9B%AA%E5%9B%BD%E8%AF%BB%E4%B9%A6%E7%AC%94%E8%AE%B0/</guid>
    <description><![CDATA[雪国 雪国是远离繁华都市，如世外桃源一般的地方。在小说的开头写道： 穿过县界长长的隧道，便是雪国。 夜空下一片白茫茫。 主人公岛村每年都会独自来雪国]]></description>
</item><item>
    <title>《半泽直树》观后有感</title>
    <link>https://www.leyoubaloy.xyz/posts/%E5%8D%8A%E6%B3%BD%E7%9B%B4%E6%A0%91%E8%A7%82%E5%90%8E%E6%9C%89%E6%84%9F/</link>
    <pubDate>Tue, 01 Feb 2022 21:52:23 &#43;0800</pubDate>
    <author>作者</author>
    <guid>https://www.leyoubaloy.xyz/posts/%E5%8D%8A%E6%B3%BD%E7%9B%B4%E6%A0%91%E8%A7%82%E5%90%8E%E6%9C%89%E6%84%9F/</guid>
    <description><![CDATA[半泽直树 半泽直树是日本电视剧《半泽直树》中的主人公。半泽的家族经营了一家小公司，在半泽年幼时，日本遇到了经济泡沫，公司急需贷款，但银行对此不]]></description>
</item></channel>
</rss>
